Variable_Value,Mean,Median
2.0,112041.51148148149,110333.72
0.0,87392.44758620688,86567.60500000001
1.0,102180.87542857142,105000.0
