Variable,Mean,Median
is_block,87196.868,87116.88
is_panel,91885.49444444444,87218.51000000001
is_brick,92700.00342857144,89673.2
is_cast_in_place,112055.36676470589,110291.86
